file_path,id,real_class
./dataset/n000078/0540_01.jpg,0,n000078
./dataset/n000078/0413_03.jpg,0,n000078
./dataset/n000078/0256_01.jpg,0,n000078
./dataset/n000078/0518_01.jpg,0,n000078
./dataset/n000078/0019_02.jpg,0,n000078
./dataset/n000410/0081_01.jpg,0,n000410
./dataset/n000410/0083_01.jpg,0,n000410
./dataset/n000410/0005_01.jpg,0,n000410
./dataset/n000410/0177_03.jpg,0,n000410
./dataset/n000410/0260_01.jpg,0,n000410
./dataset/n000596/0292_01.jpg,0,n000596
./dataset/n000596/0420_01.jpg,0,n000596
./dataset/n000596/0285_01.jpg,0,n000596
./dataset/n000596/0255_01.jpg,0,n000596
./dataset/n000596/0389_01.jpg,0,n000596
./dataset/n000654/0085_01.jpg,0,n000654
./dataset/n000654/0025_01.jpg,0,n000654
./dataset/n000654/0007_03.jpg,0,n000654
./dataset/n000654/0069_02.jpg,0,n000654
./dataset/n000654/0153_02.jpg,0,n000654
./dataset/n000658/0296_02.jpg,0,n000658
./dataset/n000658/0039_01.jpg,0,n000658
./dataset/n000658/0011_02.jpg,0,n000658
./dataset/n000658/0172_01.jpg,0,n000658
./dataset/n000658/0168_01.jpg,0,n000658
./dataset/n000659/0387_01.jpg,0,n000659
./dataset/n000659/0402_01.jpg,0,n000659
./dataset/n000659/0240_01.jpg,0,n000659
./dataset/n000659/0009_01.jpg,0,n000659
./dataset/n000659/0085_02.jpg,0,n000659
./dataset/n000838/0055_01.jpg,0,n000838
./dataset/n000838/0038_01.jpg,0,n000838
./dataset/n000838/0161_01.jpg,0,n000838
./dataset/n000838/0011_01.jpg,0,n000838
./dataset/n000838/0077_01.jpg,0,n000838
./dataset/n000928/0094_01.jpg,0,n000928
./dataset/n000928/0009_01.jpg,0,n000928
./dataset/n000928/0070_01.jpg,0,n000928
./dataset/n000928/0020_04.jpg,0,n000928
./dataset/n000928/0072_01.jpg,0,n000928
./dataset/n000958/0116_01.jpg,0,n000958
./dataset/n000958/0307_01.jpg,0,n000958
./dataset/n000958/0249_01.jpg,0,n000958
./dataset/n000958/0203_01.jpg,0,n000958
./dataset/n000958/0566_01.jpg,0,n000958
./dataset/n000998/0048_01.jpg,0,n000998
./dataset/n000998/0135_20.jpg,0,n000998
./dataset/n000998/0091_01.jpg,0,n000998
./dataset/n000998/0021_01.jpg,0,n000998
./dataset/n000998/0329_01.jpg,0,n000998
./dataset/n001127/0299_01.jpg,0,n001127
./dataset/n001127/0142_01.jpg,0,n001127
./dataset/n001127/0227_03.jpg,0,n001127
./dataset/n001127/0675_01.jpg,0,n001127
./dataset/n001127/0161_02.jpg,0,n001127
./dataset/n001146/0083_01.jpg,0,n001146
./dataset/n001146/0108_01.jpg,0,n001146
./dataset/n001146/0326_01.jpg,0,n001146
./dataset/n001146/0199_01.jpg,0,n001146
./dataset/n001146/0220_01.jpg,0,n001146
./dataset/n001190/0438_01.jpg,0,n001190
./dataset/n001190/0260_01.jpg,0,n001190
./dataset/n001190/0232_01.jpg,0,n001190
./dataset/n001190/0437_01.jpg,0,n001190
./dataset/n001190/0113_01.jpg,0,n001190
./dataset/n001296/0271_01.jpg,0,n001296
./dataset/n001296/0285_01.jpg,0,n001296
./dataset/n001296/0017_01.jpg,0,n001296
./dataset/n001296/0242_01.jpg,0,n001296
./dataset/n001296/0131_01.jpg,0,n001296
./dataset/n001446/0635_01.jpg,0,n001446
./dataset/n001446/0061_01.jpg,0,n001446
./dataset/n001446/0092_01.jpg,0,n001446
./dataset/n001446/0305_01.jpg,0,n001446
./dataset/n001446/0365_03.jpg,0,n001446
./dataset/n001650/0001_01.jpg,0,n001650
./dataset/n001650/0109_02.jpg,0,n001650
./dataset/n001650/0129_03.jpg,0,n001650
./dataset/n001650/0163_01.jpg,0,n001650
./dataset/n001650/0105_01.jpg,0,n001650
./dataset/n001687/0212_01.jpg,0,n001687
./dataset/n001687/0158_01.jpg,0,n001687
./dataset/n001687/0380_01.jpg,0,n001687
./dataset/n001687/0028_01.jpg,0,n001687
./dataset/n001687/0216_03.jpg,0,n001687
./dataset/n001708/0351_01.jpg,0,n001708
./dataset/n001708/0129_02.jpg,0,n001708
./dataset/n001708/0385_01.jpg,0,n001708
./dataset/n001708/0312_01.jpg,0,n001708
./dataset/n001708/0544_02.jpg,0,n001708
./dataset/n001781/0223_01.jpg,0,n001781
./dataset/n001781/0367_01.jpg,0,n001781
./dataset/n001781/0374_01.jpg,0,n001781
./dataset/n001781/0003_01.jpg,0,n001781
./dataset/n001781/0245_01.jpg,0,n001781
./dataset/n001878/0297_01.jpg,0,n001878
./dataset/n001878/0627_01.jpg,0,n001878
./dataset/n001878/0580_03.jpg,0,n001878
./dataset/n001878/0066_02.jpg,0,n001878
./dataset/n001878/0046_01.jpg,0,n001878
./dataset/n001898/0054_05.jpg,0,n001898
./dataset/n001898/0107_01.jpg,0,n001898
./dataset/n001898/0027_01.jpg,0,n001898
./dataset/n001898/0030_01.jpg,0,n001898
./dataset/n001898/0087_01.jpg,0,n001898
./dataset/n001923/0392_02.jpg,0,n001923
./dataset/n001923/0001_01.jpg,0,n001923
./dataset/n001923/0325_02.jpg,0,n001923
./dataset/n001923/0063_02.jpg,0,n001923
./dataset/n001923/0088_01.jpg,0,n001923
./dataset/n002081/0108_01.jpg,0,n002081
./dataset/n002081/0379_01.jpg,0,n002081
./dataset/n002081/0093_01.jpg,0,n002081
./dataset/n002081/0127_01.jpg,0,n002081
./dataset/n002081/0070_01.jpg,0,n002081
./dataset/n002166/0004_01.jpg,0,n002166
./dataset/n002166/0321_01.jpg,0,n002166
./dataset/n002166/0041_01.jpg,0,n002166
./dataset/n002166/0065_04.jpg,0,n002166
./dataset/n002166/0066_01.jpg,0,n002166
./dataset/n002167/0028_01.jpg,0,n002167
./dataset/n002167/0054_01.jpg,0,n002167
./dataset/n002167/0029_01.jpg,0,n002167
./dataset/n002167/0030_02.jpg,0,n002167
./dataset/n002167/0259_01.jpg,0,n002167
./dataset/n002216/0075_02.jpg,0,n002216
./dataset/n002216/0287_01.jpg,0,n002216
./dataset/n002216/0238_02.jpg,0,n002216
./dataset/n002216/0102_02.jpg,0,n002216
./dataset/n002216/0163_01.jpg,0,n002216
./dataset/n002223/0201_03.jpg,0,n002223
./dataset/n002223/0096_01.jpg,0,n002223
./dataset/n002223/0038_01.jpg,0,n002223
./dataset/n002223/0462_01.jpg,0,n002223
./dataset/n002223/0049_02.jpg,0,n002223
./dataset/n002258/0266_03.jpg,0,n002258
./dataset/n002258/0329_01.jpg,0,n002258
./dataset/n002258/0080_01.jpg,0,n002258
./dataset/n002258/0274_01.jpg,0,n002258
./dataset/n002258/0117_01.jpg,0,n002258
./dataset/n002372/0190_01.jpg,0,n002372
./dataset/n002372/0084_01.jpg,0,n002372
./dataset/n002372/0105_01.jpg,0,n002372
./dataset/n002372/0369_01.jpg,0,n002372
./dataset/n002372/0371_02.jpg,0,n002372
./dataset/n002517/0027_01.jpg,0,n002517
./dataset/n002517/0172_01.jpg,0,n002517
./dataset/n002517/0088_01.jpg,0,n002517
./dataset/n002517/0267_02.jpg,0,n002517
./dataset/n002517/0171_01.jpg,0,n002517
./dataset/n002556/0001_01.jpg,0,n002556
./dataset/n002556/0609_01.jpg,0,n002556
./dataset/n002556/0103_01.jpg,0,n002556
./dataset/n002556/0018_01.jpg,0,n002556
./dataset/n002556/0532_01.jpg,0,n002556
./dataset/n002561/0367_01.jpg,0,n002561
./dataset/n002561/0005_01.jpg,0,n002561
./dataset/n002561/0345_01.jpg,0,n002561
./dataset/n002561/0086_01.jpg,0,n002561
./dataset/n002561/0481_02.jpg,0,n002561
./dataset/n002574/0027_02.jpg,0,n002574
./dataset/n002574/0152_01.jpg,0,n002574
./dataset/n002574/0086_02.jpg,0,n002574
./dataset/n002574/0051_01.jpg,0,n002574
./dataset/n002574/0365_01.jpg,0,n002574
./dataset/n002596/0163_02.jpg,0,n002596
./dataset/n002596/0488_01.jpg,0,n002596
./dataset/n002596/0011_02.jpg,0,n002596
./dataset/n002596/0052_01.jpg,0,n002596
./dataset/n002596/0148_01.jpg,0,n002596
./dataset/n002669/0183_02.jpg,0,n002669
./dataset/n002669/0276_01.jpg,0,n002669
./dataset/n002669/0330_02.jpg,0,n002669
./dataset/n002669/0255_01.jpg,0,n002669
./dataset/n002669/0101_01.jpg,0,n002669
./dataset/n002681/0297_02.jpg,0,n002681
./dataset/n002681/0149_02.jpg,0,n002681
./dataset/n002681/0031_02.jpg,0,n002681
./dataset/n002681/0010_01.jpg,0,n002681
./dataset/n002681/0142_01.jpg,0,n002681
./dataset/n002761/0632_01.jpg,0,n002761
./dataset/n002761/0256_02.jpg,0,n002761
./dataset/n002761/0060_01.jpg,0,n002761
./dataset/n002761/0080_01.jpg,0,n002761
./dataset/n002761/0621_01.jpg,0,n002761
./dataset/n002763/0339_02.jpg,0,n002763
./dataset/n002763/0121_01.jpg,0,n002763
./dataset/n002763/0532_02.jpg,0,n002763
./dataset/n002763/0176_01.jpg,0,n002763
./dataset/n002763/0361_01.jpg,0,n002763
./dataset/n002770/0024_01.jpg,0,n002770
./dataset/n002770/0010_01.jpg,0,n002770
./dataset/n002770/0324_01.jpg,0,n002770
./dataset/n002770/0337_01.jpg,0,n002770
./dataset/n002770/0093_01.jpg,0,n002770
./dataset/n002803/0145_01.jpg,0,n002803
./dataset/n002803/0366_03.jpg,0,n002803
./dataset/n002803/0005_01.jpg,0,n002803
./dataset/n002803/0401_01.jpg,0,n002803
./dataset/n002803/0024_02.jpg,0,n002803
./dataset/n002855/0421_02.jpg,0,n002855
./dataset/n002855/0422_02.jpg,0,n002855
./dataset/n002855/0051_01.jpg,0,n002855
./dataset/n002855/0266_01.jpg,0,n002855
./dataset/n002855/0239_01.jpg,0,n002855
./dataset/n002878/0117_01.jpg,0,n002878
./dataset/n002878/0039_01.jpg,0,n002878
./dataset/n002878/0071_01.jpg,0,n002878
./dataset/n002878/0272_01.jpg,0,n002878
./dataset/n002878/0200_02.jpg,0,n002878
./dataset/n002880/0263_02.jpg,0,n002880
./dataset/n002880/0211_01.jpg,0,n002880
./dataset/n002880/0492_01.jpg,0,n002880
./dataset/n002880/0106_01.jpg,0,n002880
./dataset/n002880/0313_02.jpg,0,n002880
./dataset/n002884/0075_01.jpg,0,n002884
./dataset/n002884/0086_01.jpg,0,n002884
./dataset/n002884/0127_01.jpg,0,n002884
./dataset/n002884/0726_01.jpg,0,n002884
./dataset/n002884/0024_01.jpg,0,n002884
./dataset/n003001/0045_01.jpg,0,n003001
./dataset/n003001/0561_01.jpg,0,n003001
./dataset/n003001/0245_01.jpg,0,n003001
./dataset/n003001/0462_02.jpg,0,n003001
./dataset/n003001/0444_01.jpg,0,n003001
./dataset/n003104/0105_01.jpg,0,n003104
./dataset/n003104/0110_01.jpg,0,n003104
./dataset/n003104/0545_01.jpg,0,n003104
./dataset/n003104/0204_01.jpg,0,n003104
./dataset/n003104/0042_02.jpg,0,n003104
./dataset/n003140/0130_01.jpg,0,n003140
./dataset/n003140/0235_04.jpg,0,n003140
./dataset/n003140/0110_03.jpg,0,n003140
./dataset/n003140/0247_01.jpg,0,n003140
./dataset/n003140/0277_02.jpg,0,n003140
./dataset/n003205/0047_01.jpg,0,n003205
./dataset/n003205/0280_01.jpg,0,n003205
./dataset/n003205/0458_01.jpg,0,n003205
./dataset/n003205/0085_01.jpg,0,n003205
./dataset/n003205/0175_01.jpg,0,n003205
./dataset/n003217/0185_01.jpg,1,n003217
./dataset/n003217/0165_01.jpg,1,n003217
./dataset/n003217/0415_01.jpg,1,n003217
./dataset/n003217/0382_01.jpg,1,n003217
./dataset/n003217/0245_01.jpg,1,n003217
./dataset/n003217/0575_01.jpg,1,n003217
./dataset/n003217/0652_03.jpg,1,n003217
./dataset/n003217/0175_01.jpg,1,n003217
./dataset/n003217/0243_01.jpg,1,n003217
./dataset/n003217/0327_01.jpg,1,n003217
./dataset/n003217/0128_01.jpg,1,n003217
./dataset/n003217/0669_01.jpg,1,n003217
./dataset/n003217/0107_01.jpg,1,n003217
./dataset/n003217/0451_01.jpg,1,n003217
./dataset/n003217/0514_04.jpg,1,n003217
./dataset/n003217/0178_01.jpg,1,n003217
./dataset/n003217/0476_01.jpg,1,n003217
./dataset/n003217/0414_01.jpg,1,n003217
./dataset/n003217/0173_01.jpg,1,n003217
./dataset/n003217/0125_01.jpg,1,n003217
./dataset/n003217/0007_01.jpg,1,n003217
./dataset/n003217/0312_03.jpg,1,n003217
./dataset/n003217/0482_01.jpg,1,n003217
./dataset/n003217/0290_01.jpg,1,n003217
./dataset/n003217/0499_01.jpg,1,n003217
./dataset/n003217/0351_01.jpg,1,n003217
./dataset/n003217/0403_01.jpg,1,n003217
./dataset/n003217/0136_01.jpg,1,n003217
./dataset/n003217/0273_01.jpg,1,n003217
./dataset/n003217/0538_02.jpg,1,n003217
./dataset/n003217/0127_01.jpg,1,n003217
./dataset/n003217/0071_01.jpg,1,n003217
./dataset/n003217/0235_01.jpg,1,n003217
./dataset/n003217/0693_01.jpg,1,n003217
./dataset/n003217/0446_01.jpg,1,n003217
./dataset/n003217/0427_01.jpg,1,n003217
./dataset/n003217/0377_01.jpg,1,n003217
./dataset/n003217/0038_01.jpg,1,n003217
./dataset/n003217/0339_01.jpg,1,n003217
./dataset/n003217/0240_01.jpg,1,n003217
./dataset/n003217/0391_01.jpg,1,n003217
./dataset/n003217/0397_01.jpg,1,n003217
./dataset/n003217/0417_01.jpg,1,n003217
./dataset/n003217/0553_01.jpg,1,n003217
./dataset/n003217/0539_06.jpg,1,n003217
./dataset/n003217/0029_02.jpg,1,n003217
./dataset/n003217/0567_01.jpg,1,n003217
./dataset/n003217/0058_02.jpg,1,n003217
./dataset/n003217/0672_01.jpg,1,n003217
./dataset/n003217/0431_01.jpg,1,n003217
./dataset/n003217/0642_01.jpg,1,n003217
./dataset/n003217/0440_01.jpg,1,n003217
./dataset/n003217/0304_01.jpg,1,n003217
./dataset/n003217/0150_01.jpg,1,n003217
./dataset/n003217/0435_02.jpg,1,n003217
./dataset/n003217/0369_01.jpg,1,n003217
./dataset/n003217/0632_02.jpg,1,n003217
./dataset/n003217/0298_02.jpg,1,n003217
./dataset/n003217/0360_01.jpg,1,n003217
./dataset/n003217/0412_01.jpg,1,n003217
./dataset/n003217/0216_01.jpg,1,n003217
./dataset/n003217/0281_01.jpg,1,n003217
./dataset/n003217/0291_01.jpg,1,n003217
./dataset/n003217/0068_01.jpg,1,n003217
./dataset/n003217/0416_01.jpg,1,n003217
./dataset/n003217/0692_04.jpg,1,n003217
./dataset/n003217/0408_01.jpg,1,n003217
./dataset/n003217/0220_01.jpg,1,n003217
./dataset/n003217/0697_02.jpg,1,n003217
./dataset/n003217/0210_01.jpg,1,n003217
./dataset/n003217/0479_02.jpg,1,n003217
./dataset/n003217/0430_01.jpg,1,n003217
./dataset/n003217/0401_01.jpg,1,n003217
./dataset/n003217/0003_01.jpg,1,n003217
./dataset/n003217/0054_01.jpg,1,n003217
./dataset/n003217/0558_02.jpg,1,n003217
./dataset/n003217/0466_01.jpg,1,n003217
./dataset/n003217/0385_01.jpg,1,n003217
./dataset/n003217/0241_01.jpg,1,n003217
./dataset/n003217/0320_01.jpg,1,n003217
./dataset/n003217/0406_01.jpg,1,n003217
./dataset/n003217/0223_01.jpg,1,n003217
./dataset/n003217/0372_01.jpg,1,n003217
./dataset/n003217/0192_01.jpg,1,n003217
./dataset/n003217/0275_01.jpg,1,n003217
./dataset/n003217/0079_01.jpg,1,n003217
./dataset/n003217/0438_01.jpg,1,n003217
./dataset/n003217/0338_01.jpg,1,n003217
./dataset/n003217/0148_01.jpg,1,n003217
./dataset/n003217/0002_01.jpg,1,n003217
./dataset/n003217/0419_04.jpg,1,n003217
./dataset/n003217/0163_01.jpg,1,n003217
./dataset/n003217/0278_02.jpg,1,n003217
./dataset/n003217/0314_01.jpg,1,n003217
./dataset/n003217/0167_01.jpg,1,n003217
./dataset/n003217/0212_01.jpg,1,n003217
./dataset/n003217/0387_01.jpg,1,n003217
./dataset/n003217/0017_01.jpg,1,n003217
./dataset/n003217/0214_01.jpg,1,n003217
./dataset/n003217/0018_01.jpg,1,n003217
./dataset/n003217/0101_01.jpg,1,n003217
./dataset/n003217/0345_01.jpg,1,n003217
./dataset/n003217/0684_01.jpg,1,n003217
./dataset/n003217/0477_01.jpg,1,n003217
./dataset/n003217/0267_08.jpg,1,n003217
./dataset/n003217/0315_01.jpg,1,n003217
./dataset/n003217/0037_01.jpg,1,n003217
./dataset/n003217/0673_01.jpg,1,n003217
./dataset/n003217/0131_01.jpg,1,n003217
./dataset/n003217/0096_01.jpg,1,n003217
./dataset/n003217/0376_01.jpg,1,n003217
./dataset/n003217/0009_01.jpg,1,n003217
./dataset/n003217/0090_01.jpg,1,n003217
./dataset/n003217/0392_01.jpg,1,n003217
./dataset/n003217/0411_01.jpg,1,n003217
./dataset/n003217/0646_01.jpg,1,n003217
./dataset/n003217/0072_01.jpg,1,n003217
./dataset/n003217/0095_01.jpg,1,n003217
./dataset/n003217/0172_01.jpg,1,n003217
./dataset/n003217/0664_01.jpg,1,n003217
./dataset/n003217/0254_01.jpg,1,n003217
./dataset/n003217/0311_01.jpg,1,n003217
./dataset/n003217/0688_01.jpg,1,n003217
./dataset/n003217/0678_01.jpg,1,n003217
./dataset/n003217/0056_01.jpg,1,n003217
./dataset/n003217/0135_01.jpg,1,n003217
./dataset/n003217/0110_01.jpg,1,n003217
./dataset/n003217/0052_01.jpg,1,n003217
./dataset/n003217/0526_02.jpg,1,n003217
./dataset/n003217/0299_01.jpg,1,n003217
./dataset/n003217/0353_02.jpg,1,n003217
./dataset/n003217/0115_01.jpg,1,n003217
./dataset/n003217/0457_01.jpg,1,n003217
./dataset/n003217/0510_02.jpg,1,n003217
./dataset/n003217/0455_01.jpg,1,n003217
./dataset/n003217/0647_01.jpg,1,n003217
./dataset/n003217/0648_01.jpg,1,n003217
./dataset/n003217/0374_01.jpg,1,n003217
./dataset/n003217/0343_02.jpg,1,n003217
./dataset/n003217/0159_01.jpg,1,n003217
./dataset/n003217/0158_02.jpg,1,n003217
./dataset/n003217/0410_01.jpg,1,n003217
./dataset/n003217/0336_02.jpg,1,n003217
./dataset/n003217/0667_03.jpg,1,n003217
./dataset/n003217/0702_01.jpg,1,n003217
./dataset/n003217/0021_01.jpg,1,n003217
./dataset/n003217/0530_01.jpg,1,n003217
./dataset/n003217/0706_01.jpg,1,n003217
./dataset/n003217/0481_01.jpg,1,n003217
./dataset/n003217/0149_05.jpg,1,n003217
./dataset/n003217/0519_01.jpg,1,n003217
./dataset/n003217/0462_01.jpg,1,n003217
./dataset/n003217/0100_01.jpg,1,n003217
./dataset/n003217/0523_01.jpg,1,n003217
./dataset/n003217/0138_02.jpg,1,n003217
./dataset/n003217/0014_01.jpg,1,n003217
./dataset/n003217/0496_01.jpg,1,n003217
./dataset/n003217/0448_01.jpg,1,n003217
./dataset/n003217/0154_01.jpg,1,n003217
./dataset/n003217/0086_01.jpg,1,n003217
./dataset/n003217/0011_01.jpg,1,n003217
./dataset/n003217/0424_01.jpg,1,n003217
./dataset/n003217/0306_01.jpg,1,n003217
./dataset/n003217/0340_06.jpg,1,n003217
./dataset/n003217/0209_01.jpg,1,n003217
./dataset/n003217/0461_01.jpg,1,n003217
./dataset/n003217/0266_01.jpg,1,n003217
./dataset/n003217/0060_01.jpg,1,n003217
./dataset/n003217/0379_01.jpg,1,n003217
./dataset/n003217/0365_03.jpg,1,n003217
./dataset/n003217/0130_01.jpg,1,n003217
./dataset/n003217/0217_01.jpg,1,n003217
./dataset/n003217/0046_01.jpg,1,n003217
./dataset/n003217/0238_01.jpg,1,n003217
./dataset/n003217/0574_01.jpg,1,n003217
./dataset/n003217/0402_01.jpg,1,n003217
./dataset/n003217/0033_01.jpg,1,n003217
./dataset/n003217/0436_01.jpg,1,n003217
./dataset/n003217/0262_01.jpg,1,n003217
./dataset/n003217/0013_01.jpg,1,n003217
./dataset/n003217/0247_01.jpg,1,n003217
./dataset/n003217/0297_01.jpg,1,n003217
./dataset/n003217/0032_03.jpg,1,n003217
./dataset/n003217/0063_01.jpg,1,n003217
./dataset/n003217/0504_01.jpg,1,n003217
./dataset/n003217/0045_01.jpg,1,n003217
./dataset/n003217/0701_01.jpg,1,n003217
./dataset/n003217/0288_01.jpg,1,n003217
./dataset/n003217/0076_01.jpg,1,n003217
./dataset/n003217/0296_01.jpg,1,n003217
./dataset/n003217/0031_01.jpg,1,n003217
./dataset/n003217/0384_02.jpg,1,n003217
./dataset/n003217/0500_01.jpg,1,n003217
./dataset/n003217/0328_02.jpg,1,n003217
./dataset/n003217/0261_01.jpg,1,n003217
./dataset/n003217/0691_01.jpg,1,n003217
./dataset/n003217/0330_01.jpg,1,n003217
./dataset/n003217/0075_01.jpg,1,n003217
./dataset/n003217/0184_01.jpg,1,n003217
./dataset/n003217/0564_01.jpg,1,n003217
./dataset/n003217/0404_01.jpg,1,n003217
./dataset/n003217/0437_01.jpg,1,n003217
./dataset/n003217/0260_01.jpg,1,n003217
./dataset/n003217/0551_01.jpg,1,n003217
./dataset/n003217/0277_01.jpg,1,n003217
./dataset/n003217/0140_01.jpg,1,n003217
./dataset/n003217/0709_01.jpg,1,n003217
./dataset/n003217/0487_01.jpg,1,n003217
./dataset/n003217/0471_02.jpg,1,n003217
./dataset/n003217/0484_01.jpg,1,n003217
./dataset/n003217/0532_01.jpg,1,n003217
./dataset/n003217/0004_01.jpg,1,n003217
./dataset/n003217/0040_01.jpg,1,n003217
./dataset/n003217/0035_01.jpg,1,n003217
./dataset/n003217/0234_02.jpg,1,n003217
./dataset/n003217/0073_01.jpg,1,n003217
./dataset/n003217/0087_01.jpg,1,n003217
./dataset/n003217/0313_02.jpg,1,n003217
./dataset/n003217/0055_02.jpg,1,n003217
./dataset/n003217/0432_02.jpg,1,n003217
./dataset/n003217/0368_01.jpg,1,n003217
./dataset/n003217/0329_01.jpg,1,n003217
./dataset/n003217/0473_01.jpg,1,n003217
./dataset/n003217/0418_01.jpg,1,n003217
./dataset/n003217/0319_02.jpg,1,n003217
./dataset/n003217/0649_01.jpg,1,n003217
./dataset/n003217/0255_01.jpg,1,n003217
./dataset/n003217/0508_01.jpg,1,n003217
./dataset/n003217/0560_01.jpg,1,n003217
./dataset/n003217/0478_01.jpg,1,n003217
./dataset/n003217/0656_01.jpg,1,n003217
./dataset/n003217/0317_01.jpg,1,n003217
./dataset/n003217/0666_02.jpg,1,n003217
./dataset/n003217/0180_03.jpg,1,n003217
./dataset/n003217/0637_01.jpg,1,n003217
./dataset/n003217/0342_01.jpg,1,n003217
./dataset/n003217/0139_01.jpg,1,n003217
./dataset/n003217/0120_01.jpg,1,n003217
./dataset/n003217/0059_01.jpg,1,n003217
./dataset/n003217/0205_01.jpg,1,n003217
./dataset/n003217/0495_01.jpg,1,n003217
./dataset/n003217/0226_03.jpg,1,n003217
./dataset/n003217/0362_02.jpg,1,n003217
./dataset/n003217/0169_01.jpg,1,n003217
./dataset/n003217/0303_01.jpg,1,n003217
./dataset/n003217/0012_01.jpg,1,n003217
./dataset/n003217/0679_01.jpg,1,n003217
./dataset/n003217/0363_01.jpg,1,n003217
./dataset/n003217/0293_01.jpg,1,n003217
./dataset/n003217/0367_02.jpg,1,n003217
./dataset/n003217/0653_01.jpg,1,n003217
./dataset/n003217/0197_01.jpg,1,n003217
./dataset/n003217/0398_01.jpg,1,n003217
./dataset/n003217/0524_01.jpg,1,n003217
./dataset/n003217/0300_01.jpg,1,n003217
./dataset/n003217/0028_01.jpg,1,n003217
./dataset/n003217/0674_01.jpg,1,n003217
./dataset/n003217/0434_03.jpg,1,n003217
./dataset/n003217/0571_01.jpg,1,n003217
./dataset/n003217/0447_01.jpg,1,n003217
./dataset/n003217/0380_05.jpg,1,n003217
./dataset/n003217/0454_01.jpg,1,n003217
./dataset/n003217/0467_01.jpg,1,n003217
./dataset/n003217/0049_02.jpg,1,n003217
./dataset/n003217/0222_01.jpg,1,n003217
./dataset/n003217/0425_03.jpg,1,n003217
./dataset/n003217/0295_01.jpg,1,n003217
./dataset/n003217/0498_01.jpg,1,n003217
./dataset/n003217/0658_02.jpg,1,n003217
./dataset/n003217/0474_01.jpg,1,n003217
./dataset/n003217/0644_01.jpg,1,n003217
./dataset/n003217/0109_01.jpg,1,n003217
./dataset/n003217/0249_01.jpg,1,n003217
./dataset/n003217/0016_01.jpg,1,n003217
./dataset/n003217/0561_01.jpg,1,n003217
./dataset/n003217/0321_01.jpg,1,n003217
./dataset/n003217/0576_01.jpg,1,n003217
./dataset/n003217/0542_01.jpg,1,n003217
./dataset/n003217/0341_03.jpg,1,n003217
./dataset/n003217/0682_01.jpg,1,n003217
./dataset/n003217/0439_01.jpg,1,n003217
./dataset/n003217/0198_01.jpg,1,n003217
./dataset/n003217/0022_01.jpg,1,n003217
./dataset/n003217/0358_01.jpg,1,n003217
./dataset/n003217/0097_01.jpg,1,n003217
./dataset/n003217/0449_01.jpg,1,n003217
./dataset/n003217/0282_01.jpg,1,n003217
./dataset/n003217/0268_01.jpg,1,n003217
./dataset/n003217/0308_01.jpg,1,n003217
./dataset/n003217/0147_01.jpg,1,n003217
./dataset/n003217/0557_01.jpg,1,n003217
./dataset/n003217/0258_01.jpg,1,n003217
./dataset/n003217/0470_01.jpg,1,n003217
./dataset/n003217/0442_02.jpg,1,n003217
./dataset/n003217/0145_01.jpg,1,n003217
./dataset/n003217/0334_01.jpg,1,n003217
./dataset/n003217/0195_01.jpg,1,n003217
./dataset/n003217/0174_01.jpg,1,n003217
./dataset/n003217/0122_01.jpg,1,n003217
./dataset/n003217/0164_02.jpg,1,n003217
./dataset/n003217/0092_01.jpg,1,n003217
./dataset/n003217/0094_01.jpg,1,n003217
./dataset/n003217/0640_01.jpg,1,n003217
./dataset/n003217/0348_02.jpg,1,n003217
./dataset/n003217/0005_01.jpg,1,n003217
./dataset/n003217/0630_01.jpg,1,n003217
./dataset/n003217/0219_01.jpg,1,n003217
./dataset/n003217/0309_01.jpg,1,n003217
./dataset/n003217/0543_01.jpg,1,n003217
./dataset/n003217/0153_01.jpg,1,n003217
./dataset/n003217/0463_02.jpg,1,n003217
./dataset/n003217/0204_01.jpg,1,n003217
./dataset/n003217/0493_01.jpg,1,n003217
./dataset/n003217/0039_01.jpg,1,n003217
./dataset/n003217/0534_01.jpg,1,n003217
./dataset/n003217/0084_01.jpg,1,n003217
./dataset/n003217/0525_02.jpg,1,n003217
./dataset/n003217/0108_01.jpg,1,n003217
./dataset/n003217/0555_01.jpg,1,n003217
./dataset/n003217/0305_01.jpg,1,n003217
./dataset/n003217/0237_01.jpg,1,n003217
./dataset/n003217/0546_01.jpg,1,n003217
./dataset/n003217/0065_01.jpg,1,n003217
./dataset/n003217/0537_02.jpg,1,n003217
./dataset/n003217/0556_01.jpg,1,n003217
./dataset/n003217/0179_01.jpg,1,n003217
./dataset/n003217/0067_01.jpg,1,n003217
./dataset/n003217/0349_01.jpg,1,n003217
./dataset/n003217/0024_01.jpg,1,n003217
./dataset/n003217/0015_01.jpg,1,n003217
./dataset/n003217/0229_01.jpg,1,n003217
./dataset/n003217/0001_01.jpg,1,n003217
./dataset/n003217/0547_02.jpg,1,n003217
./dataset/n003217/0088_01.jpg,1,n003217
./dataset/n003217/0089_01.jpg,1,n003217
./dataset/n003217/0271_03.jpg,1,n003217
./dataset/n003217/0491_01.jpg,1,n003217
./dataset/n003217/0078_01.jpg,1,n003217
./dataset/n003217/0483_01.jpg,1,n003217
./dataset/n003217/0323_01.jpg,1,n003217
./dataset/n003217/0307_01.jpg,1,n003217
./dataset/n003217/0352_03.jpg,1,n003217
./dataset/n003217/0256_01.jpg,1,n003217
./dataset/n003217/0156_01.jpg,1,n003217
./dataset/n003217/0203_01.jpg,1,n003217
./dataset/n003217/0066_03.jpg,1,n003217
./dataset/n003217/0486_01.jpg,1,n003217
./dataset/n003217/0350_01.jpg,1,n003217
./dataset/n003217/0143_01.jpg,1,n003217
./dataset/n003217/0663_02.jpg,1,n003217
./dataset/n003217/0533_01.jpg,1,n003217
./dataset/n003217/0713_01.jpg,1,n003217
./dataset/n003217/0503_01.jpg,1,n003217
./dataset/n003217/0027_01.jpg,1,n003217
./dataset/n003217/0124_01.jpg,1,n003217
./dataset/n003217/0394_01.jpg,1,n003217
./dataset/n003217/0659_03.jpg,1,n003217
./dataset/n003217/0160_01.jpg,1,n003217
./dataset/n003217/0711_02.jpg,1,n003217
./dataset/n003217/0206_01.jpg,1,n003217
./dataset/n003217/0390_01.jpg,1,n003217
./dataset/n003217/0176_01.jpg,1,n003217
./dataset/n003217/0221_01.jpg,1,n003217
./dataset/n003217/0536_01.jpg,1,n003217
./dataset/n003217/0133_01.jpg,1,n003217
./dataset/n003217/0364_01.jpg,1,n003217
./dataset/n003217/0083_01.jpg,1,n003217
./dataset/n003217/0337_01.jpg,1,n003217
./dataset/n003217/0389_01.jpg,1,n003217
./dataset/n003217/0181_01.jpg,1,n003217
./dataset/n003217/0113_02.jpg,1,n003217
./dataset/n003217/0284_01.jpg,1,n003217
./dataset/n003217/0114_02.jpg,1,n003217
./dataset/n003217/0565_01.jpg,1,n003217
./dataset/n003217/0423_01.jpg,1,n003217
./dataset/n003217/0638_01.jpg,1,n003217
./dataset/n003217/0433_01.jpg,1,n003217
./dataset/n003217/0361_01.jpg,1,n003217
./dataset/n003217/0421_01.jpg,1,n003217
./dataset/n003217/0030_01.jpg,1,n003217
./dataset/n003217/0119_01.jpg,1,n003217
./dataset/n003217/0443_01.jpg,1,n003217
./dataset/n003217/0294_01.jpg,1,n003217
./dataset/n003217/0008_01.jpg,1,n003217
./dataset/n003217/0103_02.jpg,1,n003217
./dataset/n003217/0228_01.jpg,1,n003217
./dataset/n003217/0400_01.jpg,1,n003217
./dataset/n003217/0540_01.jpg,1,n003217
./dataset/n003217/0270_01.jpg,1,n003217
./dataset/n003217/0091_01.jpg,1,n003217
./dataset/n003217/0359_01.jpg,1,n003217
./dataset/n003217/0444_01.jpg,1,n003217
./dataset/n003217/0662_01.jpg,1,n003217
./dataset/n003217/0316_01.jpg,1,n003217
./dataset/n003217/0279_01.jpg,1,n003217
./dataset/n003217/0585_04.jpg,1,n003217
./dataset/n003217/0252_01.jpg,1,n003217
./dataset/n003217/0129_01.jpg,1,n003217
./dataset/n003217/0166_01.jpg,1,n003217
./dataset/n003217/0093_01.jpg,1,n003217
./dataset/n003217/0535_01.jpg,1,n003217
./dataset/n003217/0643_01.jpg,1,n003217
./dataset/n003217/0639_01.jpg,1,n003217
./dataset/n003217/0224_01.jpg,1,n003217
./dataset/n003217/0583_03.jpg,1,n003217
./dataset/n003217/0507_03.jpg,1,n003217
./dataset/n003217/0485_02.jpg,1,n003217
./dataset/n003217/0177_01.jpg,1,n003217
./dataset/n003217/0232_01.jpg,1,n003217
./dataset/n003217/0104_01.jpg,1,n003217
./dataset/n003217/0074_02.jpg,1,n003217
./dataset/n003217/0347_01.jpg,1,n003217
./dataset/n003217/0211_01.jpg,1,n003217
./dataset/n003217/0196_01.jpg,1,n003217
./dataset/n003217/0511_05.jpg,1,n003217
./dataset/n003217/0077_01.jpg,1,n003217
./dataset/n003217/0548_01.jpg,1,n003217
./dataset/n003217/0505_02.jpg,1,n003217
./dataset/n003217/0531_01.jpg,1,n003217
./dataset/n003217/0112_01.jpg,1,n003217
./dataset/n003217/0286_01.jpg,1,n003217
./dataset/n003217/0036_01.jpg,1,n003217
./dataset/n003217/0194_01.jpg,1,n003217
./dataset/n003217/0064_01.jpg,1,n003217
./dataset/n003217/0250_01.jpg,1,n003217
./dataset/n003217/0142_03.jpg,1,n003217
./dataset/n003217/0671_02.jpg,1,n003217
./dataset/n003217/0070_01.jpg,1,n003217
./dataset/n003217/0469_03.jpg,1,n003217
./dataset/n003217/0302_01.jpg,1,n003217
./dataset/n003217/0488_01.jpg,1,n003217
./dataset/n003217/0193_01.jpg,1,n003217
./dataset/n003217/0141_01.jpg,1,n003217
./dataset/n003217/0116_01.jpg,1,n003217
./dataset/n003217/0231_02.jpg,1,n003217
./dataset/n003217/0426_01.jpg,1,n003217
./dataset/n003217/0057_01.jpg,1,n003217
./dataset/n003217/0522_01.jpg,1,n003217
./dataset/n003217/0399_02.jpg,1,n003217
./dataset/n003217/0354_01.jpg,1,n003217
./dataset/n003217/0283_01.jpg,1,n003217
./dataset/n003217/0287_01.jpg,1,n003217
./dataset/n003217/0230_01.jpg,1,n003217
./dataset/n003217/0335_02.jpg,1,n003217
./dataset/n003217/0386_01.jpg,1,n003217
./dataset/n003217/0355_01.jpg,1,n003217
./dataset/n003217/0561_02.jpg,1,n003217
./dataset/n003217/0200_01.jpg,1,n003217
./dataset/n003217/0480_01.jpg,1,n003217
./dataset/n003217/0144_01.jpg,1,n003217
./dataset/n003217/0044_01.jpg,1,n003217
./dataset/n003217/0248_01.jpg,1,n003217
./dataset/n003217/0118_01.jpg,1,n003217
./dataset/n003217/0259_02.jpg,1,n003217
./dataset/n003217/0331_01.jpg,1,n003217
./dataset/n003217/0121_01.jpg,1,n003217
./dataset/n003217/0641_01.jpg,1,n003217
./dataset/n003217/0189_01.jpg,1,n003217
./dataset/n003217/0371_02.jpg,1,n003217
./dataset/n003217/0686_01.jpg,1,n003217
./dataset/n003217/0213_01.jpg,1,n003217
./dataset/n003217/0048_01.jpg,1,n003217
./dataset/n003217/0381_01.jpg,1,n003217
./dataset/n003217/0685_01.jpg,1,n003217
./dataset/n003217/0190_01.jpg,1,n003217
./dataset/n003217/0459_02.jpg,1,n003217
./dataset/n003217/0517_03.jpg,1,n003217
./dataset/n003217/0453_01.jpg,1,n003217
./dataset/n003217/0654_01.jpg,1,n003217
./dataset/n003217/0207_01.jpg,1,n003217
./dataset/n003217/0705_01.jpg,1,n003217
./dataset/n003217/0689_01.jpg,1,n003217
./dataset/n003217/0472_02.jpg,1,n003217
./dataset/n003217/0515_01.jpg,1,n003217
./dataset/n003217/0251_01.jpg,1,n003217
./dataset/n003217/0373_02.jpg,1,n003217
./dataset/n003217/0528_01.jpg,1,n003217
./dataset/n003217/0518_01.jpg,1,n003217
./dataset/n003217/0407_01.jpg,1,n003217
./dataset/n003217/0239_01.jpg,1,n003217
./dataset/n003217/0699_02.jpg,1,n003217
./dataset/n003217/0208_01.jpg,1,n003217
./dataset/n003217/0676_01.jpg,1,n003217
./dataset/n003217/0393_01.jpg,1,n003217
./dataset/n003217/0497_01.jpg,1,n003217
./dataset/n003217/0061_04.jpg,1,n003217
./dataset/n003217/0168_02.jpg,1,n003217
./dataset/n003217/0042_01.jpg,1,n003217
./dataset/n003217/0151_01.jpg,1,n003217
./dataset/n003217/0233_01.jpg,1,n003217
./dataset/n003217/0310_01.jpg,1,n003217
./dataset/n003217/0707_01.jpg,1,n003217
./dataset/n003217/0687_01.jpg,1,n003217
./dataset/n003217/0661_05.jpg,1,n003217
./dataset/n003217/0099_01.jpg,1,n003217
./dataset/n003217/0322_02.jpg,1,n003217
./dataset/n003217/0521_01.jpg,1,n003217
./dataset/n003217/0492_01.jpg,1,n003217
./dataset/n003217/0366_01.jpg,1,n003217
./dataset/n003217/0333_02.jpg,1,n003217
./dataset/n003217/0452_01.jpg,1,n003217
./dataset/n003217/0378_01.jpg,1,n003217
./dataset/n003217/0253_01.jpg,1,n003217
./dataset/n003217/0475_01.jpg,1,n003217
./dataset/n003217/0244_01.jpg,1,n003217
./dataset/n003217/0665_02.jpg,1,n003217
./dataset/n003217/0396_01.jpg,1,n003217
./dataset/n003217/0137_01.jpg,1,n003217
./dataset/n003217/0187_01.jpg,1,n003217
./dataset/n003217/0126_01.jpg,1,n003217
./dataset/n003217/0545_05.jpg,1,n003217
./dataset/n003217/0529_01.jpg,1,n003217
./dataset/n003217/0405_02.jpg,1,n003217
./dataset/n003217/0468_01.jpg,1,n003217
./dataset/n003217/0657_01.jpg,1,n003217
./dataset/n003217/0520_01.jpg,1,n003217
./dataset/n003217/0123_01.jpg,1,n003217
./dataset/n003217/0047_01.jpg,1,n003217
./dataset/n003217/0429_02.jpg,1,n003217
./dataset/n003217/0023_01.jpg,1,n003217
./dataset/n003217/0655_01.jpg,1,n003217
./dataset/n003217/0134_01.jpg,1,n003217
./dataset/n003217/0257_01.jpg,1,n003217
./dataset/n003217/0106_01.jpg,1,n003217
./dataset/n003217/0413_01.jpg,1,n003217
./dataset/n003217/0506_01.jpg,1,n003217
./dataset/n003217/0019_01.jpg,1,n003217
./dataset/n003217/0552_01.jpg,1,n003217
./dataset/n003217/0450_01.jpg,1,n003217
./dataset/n003217/0182_01.jpg,1,n003217
./dataset/n003217/0527_01.jpg,1,n003217
./dataset/n003217/0020_01.jpg,1,n003217
./dataset/n003217/0225_02.jpg,1,n003217
./dataset/n003217/0318_02.jpg,1,n003217
./dataset/n003217/0215_01.jpg,1,n003217
./dataset/n003217/0051_01.jpg,1,n003217
./dataset/n003217/0218_01.jpg,1,n003217
./dataset/n003217/0236_01.jpg,1,n003217
./dataset/n003217/0081_01.jpg,1,n003217
./dataset/n003217/0201_01.jpg,1,n003217
./dataset/n003217/0080_01.jpg,1,n003217
./dataset/n003217/0490_01.jpg,1,n003217
./dataset/n003217/0409_01.jpg,1,n003217
./dataset/n003217/0274_01.jpg,1,n003217
./dataset/n003217/0242_01.jpg,1,n003217
./dataset/n003217/0660_01.jpg,1,n003217
./dataset/n003217/0668_01.jpg,1,n003217
./dataset/n003217/0513_01.jpg,1,n003217
./dataset/n003217/0292_01.jpg,1,n003217
./dataset/n003217/0034_02.jpg,1,n003217
./dataset/n003217/0010_01.jpg,1,n003217
./dataset/n003217/0375_02.jpg,1,n003217
./dataset/n003217/0562_02.jpg,1,n003217
./dataset/n003217/0043_01.jpg,1,n003217
./dataset/n003217/0188_01.jpg,1,n003217
./dataset/n003217/0302_02.jpg,1,n003217
./dataset/n003217/0085_01.jpg,1,n003217
./dataset/n003217/0325_04.jpg,1,n003217
./dataset/n003217/0464_01.jpg,1,n003217
./dataset/n003217/0344_01.jpg,1,n003217
./dataset/n003217/0721_03.jpg,1,n003217
./dataset/n003217/0587_01.jpg,1,n003217
./dataset/n003217/0465_01.jpg,1,n003217
./dataset/n003217/0670_01.jpg,1,n003217
./dataset/n003217/0633_01.jpg,1,n003217
./dataset/n003217/0157_01.jpg,1,n003217
./dataset/n003217/0356_02.jpg,1,n003217
./dataset/n003217/0170_01.jpg,1,n003217
./dataset/n003217/0026_01.jpg,1,n003217
./dataset/n003217/0683_01.jpg,1,n003217
./dataset/n003217/0445_02.jpg,1,n003217
./dataset/n003217/0062_01.jpg,1,n003217
./dataset/n003217/0111_01.jpg,1,n003217
./dataset/n003217/0069_01.jpg,1,n003217
./dataset/n003217/0199_01.jpg,1,n003217
./dataset/n003217/0332_01.jpg,1,n003217
./dataset/n003217/0357_01.jpg,1,n003217
./dataset/n003217/0489_01.jpg,1,n003217
./dataset/n003217/0105_01.jpg,1,n003217
./dataset/n003217/0183_01.jpg,1,n003217
./dataset/n003217/0326_01.jpg,1,n003217
./dataset/n003217/0554_01.jpg,1,n003217
./dataset/n003217/0458_07.jpg,1,n003217
./dataset/n003217/0388_01.jpg,1,n003217
./dataset/n003217/0041_01.jpg,1,n003217
./dataset/n003217/0202_01.jpg,1,n003217
./dataset/n003217/0117_01.jpg,1,n003217
./dataset/n003217/0420_01.jpg,1,n003217
./dataset/n003217/0566_01.jpg,1,n003217
./dataset/n003217/0025_03.jpg,1,n003217
./dataset/n003217/0516_01.jpg,1,n003217
./dataset/n003217/0501_01.jpg,1,n003217
./dataset/n003217/0569_01.jpg,1,n003217
./dataset/n003217/0155_01.jpg,1,n003217
./dataset/n003217/0456_01.jpg,1,n003217
./dataset/n003217/0171_01.jpg,1,n003217
./dataset/n003217/0186_01.jpg,1,n003217
./dataset/n003217/0191_01.jpg,1,n003217
./dataset/n003217/0422_01.jpg,1,n003217
./dataset/n003217/0680_02.jpg,1,n003217
./dataset/n003217/0082_01.jpg,1,n003217
./dataset/n003217/0276_01.jpg,1,n003217
./dataset/n003217/0146_01.jpg,1,n003217
./dataset/n003217/0246_06.jpg,1,n003217
./dataset/n003217/0577_01.jpg,1,n003217
./dataset/n003217/0289_01.jpg,1,n003217
./dataset/n003217/0549_01.jpg,1,n003217
./dataset/n003217/0370_01.jpg,1,n003217
./dataset/n003217/0645_03.jpg,1,n003217
./dataset/n003217/0264_02.jpg,1,n003217
./dataset/n003217/0104_02.jpg,1,n003217
./dataset/n003217/0098_01.jpg,1,n003217
./dataset/n003217/0301_01.jpg,1,n003217
./dataset/n003217/0512_01.jpg,1,n003217
./dataset/n003217/0263_01.jpg,1,n003217
./dataset/n003217/0053_01.jpg,1,n003217
./dataset/n003217/0695_01.jpg,1,n003217
./dataset/n003217/0395_01.jpg,1,n003217
./dataset/n003217/0685_08.jpg,1,n003217
./dataset/n003217/0265_06.jpg,1,n003217
./dataset/n003217/0152_01.jpg,1,n003217
./dataset/n003217/0161_01.jpg,1,n003217
./dataset/n003217/0050_01.jpg,1,n003217
./dataset/n003217/0227_01.jpg,1,n003217
./dataset/n003217/0694_01.jpg,1,n003217
./dataset/n003217/0494_04.jpg,1,n003217
./dataset/n003217/0006_01.jpg,1,n003217
./dataset/n003217/0132_01.jpg,1,n003217
./dataset/n003217/0269_01.jpg,1,n003217
./dataset/n003217/0280_01.jpg,1,n003217
./dataset/n003217/0162_02.jpg,1,n003217
./dataset/n003217/0285_03.jpg,1,n003217
./dataset/n003217/0509_01.jpg,1,n003217
./dataset/n003217/0460_01.jpg,1,n003217
./dataset/n003217/0102_01.jpg,1,n003217
./dataset/n003217/0502_01.jpg,1,n003217
./dataset/n003217/0550_03.jpg,1,n003217
./dataset/n003217/0272_01.jpg,1,n003217
./dataset/n003217/0541_01.jpg,1,n003217
./dataset/n003217/0324_01.jpg,1,n003217
./dataset/n003217/0428_01.jpg,1,n003217
./dataset/n003288/0439_01.jpg,0,n003288
./dataset/n003288/0112_01.jpg,0,n003288
./dataset/n003288/0220_01.jpg,0,n003288
./dataset/n003288/0005_02.jpg,0,n003288
./dataset/n003288/0094_01.jpg,0,n003288
./dataset/n003356/0152_01.jpg,0,n003356
./dataset/n003356/0127_01.jpg,0,n003356
./dataset/n003356/0140_01.jpg,0,n003356
./dataset/n003356/0136_01.jpg,0,n003356
./dataset/n003356/0082_01.jpg,0,n003356
./dataset/n003415/0097_01.jpg,0,n003415
./dataset/n003415/0133_12.jpg,0,n003415
./dataset/n003415/0041_01.jpg,0,n003415
./dataset/n003415/0289_01.jpg,0,n003415
./dataset/n003415/0006_01.jpg,0,n003415
./dataset/n003430/0246_01.jpg,0,n003430
./dataset/n003430/0205_02.jpg,0,n003430
./dataset/n003430/0122_01.jpg,0,n003430
./dataset/n003430/0254_01.jpg,0,n003430
./dataset/n003430/0230_02.jpg,0,n003430
./dataset/n003468/0258_01.jpg,0,n003468
./dataset/n003468/0012_02.jpg,0,n003468
./dataset/n003468/0167_01.jpg,0,n003468
./dataset/n003468/0341_01.jpg,0,n003468
./dataset/n003468/0306_01.jpg,0,n003468
./dataset/n003490/0115_01.jpg,0,n003490
./dataset/n003490/0236_01.jpg,0,n003490
./dataset/n003490/0028_01.jpg,0,n003490
./dataset/n003490/0066_01.jpg,0,n003490
./dataset/n003490/0213_01.jpg,0,n003490
./dataset/n003540/0440_01.jpg,0,n003540
./dataset/n003540/0502_01.jpg,0,n003540
./dataset/n003540/0486_01.jpg,0,n003540
./dataset/n003540/0238_01.jpg,0,n003540
./dataset/n003540/0385_01.jpg,0,n003540
./dataset/n003554/0291_01.jpg,0,n003554
./dataset/n003554/0294_03.jpg,0,n003554
./dataset/n003554/0027_01.jpg,0,n003554
./dataset/n003554/0455_01.jpg,0,n003554
./dataset/n003554/0475_01.jpg,0,n003554
./dataset/n003728/0317_01.jpg,0,n003728
./dataset/n003728/0064_01.jpg,0,n003728
./dataset/n003728/0026_02.jpg,0,n003728
./dataset/n003728/0344_01.jpg,0,n003728
./dataset/n003728/0388_02.jpg,0,n003728
./dataset/n003775/0383_01.jpg,0,n003775
./dataset/n003775/0237_01.jpg,0,n003775
./dataset/n003775/0488_05.jpg,0,n003775
./dataset/n003775/0183_01.jpg,0,n003775
./dataset/n003775/0094_01.jpg,0,n003775
./dataset/n003836/0250_01.jpg,0,n003836
./dataset/n003836/0070_01.jpg,0,n003836
./dataset/n003836/0093_01.jpg,0,n003836
./dataset/n003836/0154_01.jpg,0,n003836
./dataset/n003836/0203_04.jpg,0,n003836
./dataset/n003873/0409_01.jpg,0,n003873
./dataset/n003873/0217_01.jpg,0,n003873
./dataset/n003873/0172_01.jpg,0,n003873
./dataset/n003873/0429_01.jpg,0,n003873
./dataset/n003873/0043_01.jpg,0,n003873
./dataset/n003896/0157_01.jpg,0,n003896
./dataset/n003896/0324_08.jpg,0,n003896
./dataset/n003896/0065_01.jpg,0,n003896
./dataset/n003896/0327_01.jpg,0,n003896
./dataset/n003896/0210_01.jpg,0,n003896
./dataset/n003958/0166_01.jpg,0,n003958
./dataset/n003958/0227_01.jpg,0,n003958
./dataset/n003958/0178_02.jpg,0,n003958
./dataset/n003958/0199_03.jpg,0,n003958
./dataset/n003958/0387_01.jpg,0,n003958
./dataset/n004007/0355_01.jpg,0,n004007
./dataset/n004007/0227_03.jpg,0,n004007
./dataset/n004007/0221_02.jpg,0,n004007
./dataset/n004007/0021_01.jpg,0,n004007
./dataset/n004007/0626_01.jpg,0,n004007
./dataset/n004050/0195_01.jpg,0,n004050
./dataset/n004050/0051_03.jpg,0,n004050
./dataset/n004050/0156_01.jpg,0,n004050
./dataset/n004050/0224_01.jpg,0,n004050
./dataset/n004050/0220_04.jpg,0,n004050
./dataset/n004208/0147_01.jpg,0,n004208
./dataset/n004208/0194_02.jpg,0,n004208
./dataset/n004208/0479_01.jpg,0,n004208
./dataset/n004208/0435_01.jpg,0,n004208
./dataset/n004208/0117_01.jpg,0,n004208
./dataset/n004338/0580_02.jpg,0,n004338
./dataset/n004338/0051_01.jpg,0,n004338
./dataset/n004338/0024_01.jpg,0,n004338
./dataset/n004338/0287_02.jpg,0,n004338
./dataset/n004338/0021_01.jpg,0,n004338
./dataset/n004353/0205_01.jpg,0,n004353
./dataset/n004353/0073_01.jpg,0,n004353
./dataset/n004353/0086_01.jpg,0,n004353
./dataset/n004353/0444_02.jpg,0,n004353
./dataset/n004353/0216_01.jpg,0,n004353
./dataset/n004357/0584_01.jpg,0,n004357
./dataset/n004357/0031_01.jpg,0,n004357
./dataset/n004357/0143_01.jpg,0,n004357
./dataset/n004357/0028_01.jpg,0,n004357
./dataset/n004357/0284_01.jpg,0,n004357
./dataset/n004387/0282_01.jpg,0,n004387
./dataset/n004387/0008_01.jpg,0,n004387
./dataset/n004387/0248_01.jpg,0,n004387
./dataset/n004387/0152_01.jpg,0,n004387
./dataset/n004387/0031_01.jpg,0,n004387
./dataset/n004411/0317_02.jpg,0,n004411
./dataset/n004411/0270_01.jpg,0,n004411
./dataset/n004411/0065_02.jpg,0,n004411
./dataset/n004411/0409_01.jpg,0,n004411
./dataset/n004411/0115_02.jpg,0,n004411
./dataset/n004424/0136_01.jpg,0,n004424
./dataset/n004424/0594_01.jpg,0,n004424
./dataset/n004424/0040_01.jpg,0,n004424
./dataset/n004424/0067_01.jpg,0,n004424
./dataset/n004424/0413_01.jpg,0,n004424
./dataset/n004469/0118_02.jpg,0,n004469
./dataset/n004469/0171_01.jpg,0,n004469
./dataset/n004469/0048_02.jpg,0,n004469
./dataset/n004469/0076_01.jpg,0,n004469
./dataset/n004469/0042_01.jpg,0,n004469
./dataset/n004486/0116_02.jpg,0,n004486
./dataset/n004486/0071_02.jpg,0,n004486
./dataset/n004486/0172_02.jpg,0,n004486
./dataset/n004486/0106_03.jpg,0,n004486
./dataset/n004486/0162_01.jpg,0,n004486
./dataset/n004555/0036_01.jpg,0,n004555
./dataset/n004555/0197_01.jpg,0,n004555
./dataset/n004555/0158_01.jpg,0,n004555
./dataset/n004555/0035_01.jpg,0,n004555
./dataset/n004555/0131_01.jpg,0,n004555
./dataset/n004652/0048_01.jpg,0,n004652
./dataset/n004652/0268_01.jpg,0,n004652
./dataset/n004652/0435_01.jpg,0,n004652
./dataset/n004652/0073_02.jpg,0,n004652
./dataset/n004652/0294_01.jpg,0,n004652
./dataset/n004661/0078_02.jpg,0,n004661
./dataset/n004661/0195_01.jpg,0,n004661
./dataset/n004661/0347_01.jpg,0,n004661
./dataset/n004661/0240_01.jpg,0,n004661
./dataset/n004661/0461_01.jpg,0,n004661
./dataset/n004662/0091_02.jpg,0,n004662
./dataset/n004662/0160_02.jpg,0,n004662
./dataset/n004662/0008_01.jpg,0,n004662
./dataset/n004662/0129_01.jpg,0,n004662
./dataset/n004662/0187_01.jpg,0,n004662
./dataset/n004678/0172_01.jpg,0,n004678
./dataset/n004678/0017_01.jpg,0,n004678
./dataset/n004678/0053_01.jpg,0,n004678
./dataset/n004678/0156_01.jpg,0,n004678
./dataset/n004678/0044_01.jpg,0,n004678
./dataset/n004709/0212_01.jpg,0,n004709
./dataset/n004709/0144_01.jpg,0,n004709
./dataset/n004709/0345_01.jpg,0,n004709
./dataset/n004709/0121_01.jpg,0,n004709
./dataset/n004709/0217_01.jpg,0,n004709
./dataset/n004719/0117_01.jpg,0,n004719
./dataset/n004719/0157_01.jpg,0,n004719
./dataset/n004719/0273_03.jpg,0,n004719
./dataset/n004719/0456_01.jpg,0,n004719
./dataset/n004719/0206_01.jpg,0,n004719
./dataset/n004771/0010_01.jpg,0,n004771
./dataset/n004771/0192_01.jpg,0,n004771
./dataset/n004771/0073_01.jpg,0,n004771
./dataset/n004771/0309_01.jpg,0,n004771
./dataset/n004771/0438_01.jpg,0,n004771
./dataset/n004788/0470_01.jpg,0,n004788
./dataset/n004788/0380_01.jpg,0,n004788
./dataset/n004788/0396_01.jpg,0,n004788
./dataset/n004788/0444_01.jpg,0,n004788
./dataset/n004788/0376_01.jpg,0,n004788
./dataset/n004812/0413_01.jpg,0,n004812
./dataset/n004812/0410_01.jpg,0,n004812
./dataset/n004812/0222_01.jpg,0,n004812
./dataset/n004812/0132_01.jpg,0,n004812
./dataset/n004812/0095_02.jpg,0,n004812
./dataset/n004826/0237_02.jpg,0,n004826
./dataset/n004826/0231_01.jpg,0,n004826
./dataset/n004826/0001_01.jpg,0,n004826
./dataset/n004826/0408_05.jpg,0,n004826
./dataset/n004826/0327_01.jpg,0,n004826
./dataset/n004911/0044_01.jpg,0,n004911
./dataset/n004911/0174_01.jpg,0,n004911
./dataset/n004911/0050_01.jpg,0,n004911
./dataset/n004911/0020_01.jpg,0,n004911
./dataset/n004911/0418_01.jpg,0,n004911
./dataset/n004945/0086_01.jpg,0,n004945
./dataset/n004945/0266_01.jpg,0,n004945
./dataset/n004945/0274_02.jpg,0,n004945
./dataset/n004945/0034_01.jpg,0,n004945
./dataset/n004945/0151_01.jpg,0,n004945
./dataset/n004999/0032_01.jpg,0,n004999
./dataset/n004999/0103_01.jpg,0,n004999
./dataset/n004999/0163_01.jpg,0,n004999
./dataset/n004999/0022_02.jpg,0,n004999
./dataset/n004999/0468_03.jpg,0,n004999
./dataset/n005073/0902_01.jpg,0,n005073
./dataset/n005073/0137_02.jpg,0,n005073
./dataset/n005073/0155_01.jpg,0,n005073
./dataset/n005073/0223_01.jpg,0,n005073
./dataset/n005073/0885_01.jpg,0,n005073
./dataset/n005088/0040_01.jpg,0,n005088
./dataset/n005088/0442_01.jpg,0,n005088
./dataset/n005088/0122_02.jpg,0,n005088
./dataset/n005088/0054_01.jpg,0,n005088
./dataset/n005088/0134_06.jpg,0,n005088
./dataset/n005104/0237_01.jpg,0,n005104
./dataset/n005104/0239_02.jpg,0,n005104
./dataset/n005104/0403_05.jpg,0,n005104
./dataset/n005104/0014_01.jpg,0,n005104
./dataset/n005104/0146_02.jpg,0,n005104
./dataset/n005137/0390_02.jpg,0,n005137
./dataset/n005137/0087_01.jpg,0,n005137
./dataset/n005137/0004_01.jpg,0,n005137
./dataset/n005137/0344_01.jpg,0,n005137
./dataset/n005137/0076_01.jpg,0,n005137
./dataset/n005148/0055_01.jpg,0,n005148
./dataset/n005148/0035_01.jpg,0,n005148
./dataset/n005148/0011_01.jpg,0,n005148
./dataset/n005148/0149_01.jpg,0,n005148
./dataset/n005148/0051_01.jpg,0,n005148
./dataset/n005157/0530_01.jpg,0,n005157
./dataset/n005157/0060_01.jpg,0,n005157
./dataset/n005157/0062_01.jpg,0,n005157
./dataset/n005157/0014_01.jpg,0,n005157
./dataset/n005157/0387_01.jpg,0,n005157
./dataset/n005225/0177_02.jpg,0,n005225
./dataset/n005225/0137_02.jpg,0,n005225
./dataset/n005225/0088_01.jpg,0,n005225
./dataset/n005225/0060_01.jpg,0,n005225
./dataset/n005225/0156_03.jpg,0,n005225
./dataset/n005226/0029_01.jpg,0,n005226
./dataset/n005226/0236_01.jpg,0,n005226
./dataset/n005226/0067_01.jpg,0,n005226
./dataset/n005226/0302_01.jpg,0,n005226
./dataset/n005226/0480_01.jpg,0,n005226
./dataset/n005294/0013_01.jpg,0,n005294
./dataset/n005294/0176_02.jpg,0,n005294
./dataset/n005294/0146_01.jpg,0,n005294
./dataset/n005294/0274_01.jpg,0,n005294
./dataset/n005294/0079_01.jpg,0,n005294
./dataset/n005316/0280_01.jpg,0,n005316
./dataset/n005316/0064_01.jpg,0,n005316
./dataset/n005316/0421_01.jpg,0,n005316
./dataset/n005316/0099_01.jpg,0,n005316
./dataset/n005316/0142_01.jpg,0,n005316
./dataset/n005326/0025_01.jpg,0,n005326
./dataset/n005326/0100_02.jpg,0,n005326
./dataset/n005326/0101_07.jpg,0,n005326
./dataset/n005326/0110_02.jpg,0,n005326
./dataset/n005326/0130_01.jpg,0,n005326
./dataset/n005340/0069_01.jpg,0,n005340
./dataset/n005340/0433_01.jpg,0,n005340
./dataset/n005340/0297_01.jpg,0,n005340
./dataset/n005340/0357_03.jpg,0,n005340
./dataset/n005340/0506_01.jpg,0,n005340
./dataset/n005427/0057_01.jpg,0,n005427
./dataset/n005427/0602_02.jpg,0,n005427
./dataset/n005427/0039_04.jpg,0,n005427
./dataset/n005427/0058_01.jpg,0,n005427
./dataset/n005427/0140_04.jpg,0,n005427
./dataset/n005552/0453_01.jpg,0,n005552
./dataset/n005552/0225_01.jpg,0,n005552
./dataset/n005552/0272_01.jpg,0,n005552
./dataset/n005552/0204_01.jpg,0,n005552
./dataset/n005552/0350_01.jpg,0,n005552
./dataset/n005565/0019_01.jpg,0,n005565
./dataset/n005565/0104_01.jpg,0,n005565
./dataset/n005565/0161_01.jpg,0,n005565
./dataset/n005565/0030_01.jpg,0,n005565
./dataset/n005565/0221_01.jpg,0,n005565
./dataset/n005619/0206_01.jpg,0,n005619
./dataset/n005619/0017_01.jpg,0,n005619
./dataset/n005619/0153_01.jpg,0,n005619
./dataset/n005619/0196_02.jpg,0,n005619
./dataset/n005619/0210_04.jpg,0,n005619
./dataset/n005623/0006_01.jpg,0,n005623
./dataset/n005623/0318_01.jpg,0,n005623
./dataset/n005623/0217_01.jpg,0,n005623
./dataset/n005623/0224_01.jpg,0,n005623
./dataset/n005623/0127_02.jpg,0,n005623
./dataset/n005630/0230_01.jpg,0,n005630
./dataset/n005630/0097_01.jpg,0,n005630
./dataset/n005630/0348_01.jpg,0,n005630
./dataset/n005630/0215_11.jpg,0,n005630
./dataset/n005630/0083_01.jpg,0,n005630
./dataset/n005636/0365_01.jpg,0,n005636
./dataset/n005636/0293_01.jpg,0,n005636
./dataset/n005636/0101_01.jpg,0,n005636
./dataset/n005636/0257_02.jpg,0,n005636
./dataset/n005636/0140_01.jpg,0,n005636
./dataset/n005648/0119_01.jpg,0,n005648
./dataset/n005648/0060_03.jpg,0,n005648
./dataset/n005648/0265_01.jpg,0,n005648
./dataset/n005648/0269_01.jpg,0,n005648
./dataset/n005648/0104_03.jpg,0,n005648
./dataset/n005695/0204_01.jpg,0,n005695
./dataset/n005695/0111_01.jpg,0,n005695
./dataset/n005695/0218_01.jpg,0,n005695
./dataset/n005695/0033_01.jpg,0,n005695
./dataset/n005695/0029_01.jpg,0,n005695
./dataset/n005706/0477_01.jpg,0,n005706
./dataset/n005706/0146_01.jpg,0,n005706
./dataset/n005706/0032_02.jpg,0,n005706
./dataset/n005706/0418_02.jpg,0,n005706
./dataset/n005706/0081_01.jpg,0,n005706
./dataset/n005799/0141_01.jpg,0,n005799
./dataset/n005799/0111_01.jpg,0,n005799
./dataset/n005799/0362_01.jpg,0,n005799
./dataset/n005799/0103_01.jpg,0,n005799
./dataset/n005799/0099_01.jpg,0,n005799
./dataset/n005832/0092_01.jpg,0,n005832
./dataset/n005832/0081_02.jpg,0,n005832
./dataset/n005832/0242_01.jpg,0,n005832
./dataset/n005832/0070_01.jpg,0,n005832
./dataset/n005832/0160_04.jpg,0,n005832
./dataset/n005915/0157_01.jpg,0,n005915
./dataset/n005915/0322_01.jpg,0,n005915
./dataset/n005915/0217_01.jpg,0,n005915
./dataset/n005915/0258_01.jpg,0,n005915
./dataset/n005915/0226_01.jpg,0,n005915
./dataset/n006211/0131_01.jpg,0,n006211
./dataset/n006211/0135_01.jpg,0,n006211
./dataset/n006211/0166_01.jpg,0,n006211
./dataset/n006211/0085_01.jpg,0,n006211
./dataset/n006211/0470_01.jpg,0,n006211
./dataset/n006458/0089_01.jpg,0,n006458
./dataset/n006458/0307_01.jpg,0,n006458
./dataset/n006458/0092_01.jpg,0,n006458
./dataset/n006458/0083_02.jpg,0,n006458
./dataset/n006458/0002_01.jpg,0,n006458
./dataset/n006497/0325_01.jpg,0,n006497
./dataset/n006497/0125_01.jpg,0,n006497
./dataset/n006497/0179_01.jpg,0,n006497
./dataset/n006497/0231_02.jpg,0,n006497
./dataset/n006497/0046_01.jpg,0,n006497
./dataset/n006653/0640_01.jpg,0,n006653
./dataset/n006653/0062_01.jpg,0,n006653
./dataset/n006653/0008_01.jpg,0,n006653
./dataset/n006653/0049_01.jpg,0,n006653
./dataset/n006653/0182_02.jpg,0,n006653
./dataset/n006659/0614_01.jpg,0,n006659
./dataset/n006659/0401_01.jpg,0,n006659
./dataset/n006659/0296_02.jpg,0,n006659
./dataset/n006659/0088_03.jpg,0,n006659
./dataset/n006659/0103_02.jpg,0,n006659
./dataset/n006808/0058_01.jpg,0,n006808
./dataset/n006808/0153_01.jpg,0,n006808
./dataset/n006808/0044_01.jpg,0,n006808
./dataset/n006808/0030_01.jpg,0,n006808
./dataset/n006808/0054_01.jpg,0,n006808
./dataset/n006858/0085_02.jpg,0,n006858
./dataset/n006858/0148_03.jpg,0,n006858
./dataset/n006858/0021_03.jpg,0,n006858
./dataset/n006858/0083_01.jpg,0,n006858
./dataset/n006858/0377_01.jpg,0,n006858
./dataset/n006987/0060_01.jpg,0,n006987
./dataset/n006987/0022_01.jpg,0,n006987
./dataset/n006987/0031_01.jpg,0,n006987
./dataset/n006987/0021_01.jpg,0,n006987
./dataset/n006987/0012_01.jpg,0,n006987
./dataset/n006992/0104_01.jpg,0,n006992
./dataset/n006992/0105_01.jpg,0,n006992
./dataset/n006992/0022_02.jpg,0,n006992
./dataset/n006992/0107_02.jpg,0,n006992
./dataset/n006992/0097_02.jpg,0,n006992
./dataset/n007146/0282_01.jpg,0,n007146
./dataset/n007146/0125_01.jpg,0,n007146
./dataset/n007146/0252_03.jpg,0,n007146
./dataset/n007146/0217_01.jpg,0,n007146
./dataset/n007146/0339_01.jpg,0,n007146
./dataset/n007159/0078_06.jpg,0,n007159
./dataset/n007159/0295_06.jpg,0,n007159
./dataset/n007159/0219_01.jpg,0,n007159
./dataset/n007159/0176_01.jpg,0,n007159
./dataset/n007159/0167_01.jpg,0,n007159
./dataset/n007162/0223_01.jpg,0,n007162
./dataset/n007162/0201_08.jpg,0,n007162
./dataset/n007162/0232_01.jpg,0,n007162
./dataset/n007162/0013_02.jpg,0,n007162
./dataset/n007162/0116_01.jpg,0,n007162
./dataset/n007166/0474_01.jpg,0,n007166
./dataset/n007166/0098_01.jpg,0,n007166
./dataset/n007166/0164_01.jpg,0,n007166
./dataset/n007166/0048_01.jpg,0,n007166
./dataset/n007166/0434_01.jpg,0,n007166
./dataset/n007240/0137_01.jpg,0,n007240
./dataset/n007240/0422_03.jpg,0,n007240
./dataset/n007240/0073_01.jpg,0,n007240
./dataset/n007240/0161_02.jpg,0,n007240
./dataset/n007240/0019_04.jpg,0,n007240
./dataset/n007246/0128_01.jpg,0,n007246
./dataset/n007246/0257_01.jpg,0,n007246
./dataset/n007246/0251_01.jpg,0,n007246
./dataset/n007246/0232_01.jpg,0,n007246
./dataset/n007246/0115_03.jpg,0,n007246
./dataset/n007261/0083_01.jpg,0,n007261
./dataset/n007261/0015_01.jpg,0,n007261
./dataset/n007261/0076_01.jpg,0,n007261
./dataset/n007261/0379_01.jpg,0,n007261
./dataset/n007261/0160_01.jpg,0,n007261
./dataset/n007531/0091_01.jpg,0,n007531
./dataset/n007531/0275_02.jpg,0,n007531
./dataset/n007531/0298_01.jpg,0,n007531
./dataset/n007531/0015_02.jpg,0,n007531
./dataset/n007531/0009_01.jpg,0,n007531
./dataset/n007594/0658_01.jpg,0,n007594
./dataset/n007594/0040_01.jpg,0,n007594
./dataset/n007594/0012_01.jpg,0,n007594
./dataset/n007594/0058_01.jpg,0,n007594
./dataset/n007594/0660_01.jpg,0,n007594
./dataset/n007651/0408_01.jpg,0,n007651
./dataset/n007651/0737_01.jpg,0,n007651
./dataset/n007651/0169_02.jpg,0,n007651
./dataset/n007651/0321_01.jpg,0,n007651
./dataset/n007651/0750_01.jpg,0,n007651
./dataset/n007703/0063_01.jpg,0,n007703
./dataset/n007703/0107_01.jpg,0,n007703
./dataset/n007703/0037_02.jpg,0,n007703
./dataset/n007703/0021_02.jpg,0,n007703
./dataset/n007703/0119_01.jpg,0,n007703
./dataset/n007854/0319_01.jpg,0,n007854
./dataset/n007854/0266_01.jpg,0,n007854
./dataset/n007854/0002_01.jpg,0,n007854
./dataset/n007854/0117_01.jpg,0,n007854
./dataset/n007854/0010_01.jpg,0,n007854
./dataset/n007909/0126_01.jpg,0,n007909
./dataset/n007909/0321_01.jpg,0,n007909
./dataset/n007909/0157_01.jpg,0,n007909
./dataset/n007909/0331_01.jpg,0,n007909
./dataset/n007909/0093_01.jpg,0,n007909
./dataset/n007949/0121_01.jpg,0,n007949
./dataset/n007949/0016_01.jpg,0,n007949
./dataset/n007949/0036_01.jpg,0,n007949
./dataset/n007949/0195_01.jpg,0,n007949
./dataset/n007949/0257_02.jpg,0,n007949
./dataset/n008003/0028_02.jpg,0,n008003
./dataset/n008003/0074_01.jpg,0,n008003
./dataset/n008003/0118_01.jpg,0,n008003
./dataset/n008003/0115_01.jpg,0,n008003
./dataset/n008003/0278_01.jpg,0,n008003
./dataset/n008047/0490_02.jpg,0,n008047
./dataset/n008047/0420_01.jpg,0,n008047
./dataset/n008047/0171_01.jpg,0,n008047
./dataset/n008047/0062_01.jpg,0,n008047
./dataset/n008047/0229_01.jpg,0,n008047
./dataset/n008056/0831_02.jpg,0,n008056
./dataset/n008056/0238_02.jpg,0,n008056
./dataset/n008056/0290_02.jpg,0,n008056
./dataset/n008056/0237_05.jpg,0,n008056
./dataset/n008056/0822_02.jpg,0,n008056
./dataset/n008179/0195_01.jpg,0,n008179
./dataset/n008179/0011_01.jpg,0,n008179
./dataset/n008179/0077_01.jpg,0,n008179
./dataset/n008179/0272_04.jpg,0,n008179
./dataset/n008179/0420_03.jpg,0,n008179
./dataset/n008314/0458_02.jpg,0,n008314
./dataset/n008314/0277_02.jpg,0,n008314
./dataset/n008314/0192_01.jpg,0,n008314
./dataset/n008314/0237_02.jpg,0,n008314
./dataset/n008314/0582_01.jpg,0,n008314
./dataset/n008361/0349_01.jpg,0,n008361
./dataset/n008361/0262_01.jpg,0,n008361
./dataset/n008361/0252_01.jpg,0,n008361
./dataset/n008361/0123_01.jpg,0,n008361
./dataset/n008361/0183_01.jpg,0,n008361
./dataset/n008528/0097_01.jpg,0,n008528
./dataset/n008528/0207_01.jpg,0,n008528
./dataset/n008528/0654_01.jpg,0,n008528
./dataset/n008528/0023_04.jpg,0,n008528
./dataset/n008528/0682_01.jpg,0,n008528
./dataset/n008539/0086_01.jpg,0,n008539
./dataset/n008539/0327_01.jpg,0,n008539
./dataset/n008539/0044_01.jpg,0,n008539
./dataset/n008539/0126_01.jpg,0,n008539
./dataset/n008539/0047_01.jpg,0,n008539
./dataset/n008630/0042_07.jpg,0,n008630
./dataset/n008630/0188_03.jpg,0,n008630
./dataset/n008630/0244_01.jpg,0,n008630
./dataset/n008630/0024_03.jpg,0,n008630
./dataset/n008630/0130_03.jpg,0,n008630
./dataset/n008653/0194_01.jpg,0,n008653
./dataset/n008653/0147_01.jpg,0,n008653
./dataset/n008653/0304_01.jpg,0,n008653
./dataset/n008653/0058_01.jpg,0,n008653
./dataset/n008653/0050_01.jpg,0,n008653
./dataset/n008662/0004_01.jpg,0,n008662
./dataset/n008662/0137_02.jpg,0,n008662
./dataset/n008662/0001_01.jpg,0,n008662
./dataset/n008662/0093_01.jpg,0,n008662
./dataset/n008662/0047_01.jpg,0,n008662
./dataset/n008710/0127_01.jpg,0,n008710
./dataset/n008710/0019_02.jpg,0,n008710
./dataset/n008710/0032_01.jpg,0,n008710
./dataset/n008710/0021_01.jpg,0,n008710
./dataset/n008710/0256_01.jpg,0,n008710
./dataset/n008778/0047_01.jpg,0,n008778
./dataset/n008778/0052_01.jpg,0,n008778
./dataset/n008778/0060_14.jpg,0,n008778
./dataset/n008778/0150_01.jpg,0,n008778
./dataset/n008778/0019_01.jpg,0,n008778
./dataset/n008948/0017_01.jpg,0,n008948
./dataset/n008948/0096_03.jpg,0,n008948
./dataset/n008948/0195_01.jpg,0,n008948
./dataset/n008948/0048_01.jpg,0,n008948
./dataset/n008948/0039_01.jpg,0,n008948
./dataset/n009175/0019_01.jpg,0,n009175
./dataset/n009175/0471_01.jpg,0,n009175
./dataset/n009175/0071_01.jpg,0,n009175
./dataset/n009175/0058_01.jpg,0,n009175
./dataset/n009175/0093_01.jpg,0,n009175
./dataset/n009225/0033_01.jpg,0,n009225
./dataset/n009225/0462_01.jpg,0,n009225
./dataset/n009225/0294_01.jpg,0,n009225
./dataset/n009225/0081_01.jpg,0,n009225
./dataset/n009225/0200_01.jpg,0,n009225
./dataset/n009283/0005_01.jpg,0,n009283
./dataset/n009283/0090_01.jpg,0,n009283
./dataset/n009283/0319_02.jpg,0,n009283
./dataset/n009283/0254_01.jpg,0,n009283
./dataset/n009283/0256_01.jpg,0,n009283
./dataset/n009285/0026_01.jpg,0,n009285
./dataset/n009285/0162_01.jpg,0,n009285
./dataset/n009285/0313_01.jpg,0,n009285
./dataset/n009285/0044_01.jpg,0,n009285
./dataset/n009285/0095_01.jpg,0,n009285
./dataset/n009286/0178_01.jpg,0,n009286
./dataset/n009286/0126_01.jpg,0,n009286
./dataset/n009286/0057_01.jpg,0,n009286
./dataset/n009286/0231_01.jpg,0,n009286
./dataset/n009286/0244_01.jpg,0,n009286
./dataset/n009288/0046_02.jpg,0,n009288
./dataset/n009288/0287_01.jpg,0,n009288
./dataset/n009288/0223_04.jpg,0,n009288
./dataset/n009288/0004_01.jpg,0,n009288
./dataset/n009288/0219_04.jpg,0,n009288
